p1,p2,p3
2003,1367,829
1289,1367,1600
794,1682,2301
1768,64,2154
1765,794,2301
2034,1013,1695
2588,1229,2587
1367,1820,829
1820,1367,1289
1930,1618,524
1540,1777,1574
998,1788,2004
2018,938,429
938,2018,1781
782,398,205
224,1386,832
284,1203,2191
1263,251,362
1792,2328,1395
1037,707,2171
26,49,2451
1241,1411,1577
2653,2654,1399
146,1013,2034
639,1755,695
639,575,2640
575,639,695
1250,951,2303
595,779,1519
779,595,1232
582,595,1558
595,582,1232
1608,2405,474
2436,2331,2224
2405,2436,2224
1608,2436,2405
2688,644,2687
2056,2688,2689
1732,784,1539
2580,2197,2489
2197,1433,2489
1086,2599,2600
1229,780,2190
2588,780,1229
1541,1510,1806
2565,530,2404
2211,2017,522
1903,1367,2003
1903,214,1367
1082,498,926
1400,287,2018
2018,287,74
366,410,2223
956,1289,1600
67,956,1600
995,1793,626
214,2217,1367
1362,2217,1365
2217,1362,1367
2586,487,2485
981,2165,1312
1682,1553,2301
181,2017,794
2017,181,522
249,2089,2625
1739,2624,2625
2089,1739,2625
1392,1739,2089
604,1930,524
1955,1149,1904
2006,1760,500
403,1420,2095
219,1840,2525
105,2512,2513
1660,747,631
747,2501,2502
437,1162,482
1151,1412,1574
1953,1412,1151
1296,2286,1920
1296,1039,2286
786,785,1388
1039,785,2286
785,786,2286
1540,965,1702
965,785,1039
1599,1953,342
1599,1412,1953
616,1642,2004
998,1642,913
1642,998,2004
2066,1432,1660
2128,699,1262
668,2069,2011
1788,2069,2004
1953,2111,342
285,2111,1953
2128,285,1990
2111,285,2128
998,56,2043
2322,623,715
2322,2069,1788
2212,269,671
2212,1302,269
1220,547,671
1220,251,547
724,2549,2550
1035,361,2039
287,2379,577
2546,2547,2360
600,11,782
11,1601,690
1601,11,1040
2541,2542,2413
1658,1037,2171
2534,2535,178
1436,1444,2192
1815,962,2700
962,1815,1036
962,1117,2700
676,2398,684
2495,676,684
1168,1730,2398
676,1168,2398
1386,175,2361
2215,1970,2201
2215,2044,1970
410,2215,2223
2044,2215,410
1263,1864,251
304,2464,1404
2464,36,2227
857,2464,2227
2464,857,1404
645,224,832
2325,2495,684
1792,2325,684
542,615,2033
76,542,2033
542,76,2171
707,542,2171
615,542,707
2152,1093,987
49,1073,2451
827,1073,49
818,2333,1773
2240,2333,959
2333,2240,1773
1250,849,888
2331,432,2224
1407,2376,40
2150,576,1849
576,203,1849
2047,1316,1562
1251,1734,1978
1833,2047,1562
1411,796,1756
72,927,1933
1603,72,1756
72,1603,927
103,2405,2224
432,103,2224
611,146,2034
2651,611,2650
2652,1498,2651
1498,2652,419
1498,611,2651
611,1498,146
146,753,1013
753,1498,419
1498,753,146
50,504,274
1391,2034,1695
1391,1685,2034
1685,1391,2242
1033,2160,1716
575,2639,2640
1537,575,695
1989,951,1755
2340,595,1519
595,2340,1558
1794,276,1716
256,644,2688
2056,256,2688
290,1139,1587
1811,53,1552
1333,256,10
290,1009,10
1271,1516,1961
2467,2579,2489
2579,2580,2489
1433,14,2481
2337,2584,2485
2337,58,1539
761,2197,784
2582,674,2581
674,2580,2581
674,2197,2580
2469,1086,2600
2597,658,2596
658,2597,2598
610,0,1259
1650,610,1806
1442,1881,70
1105,1541,1082
1105,1082,926
1211,1434,2228
1443,626,2562
1443,995,626
2563,1443,2562
1443,2563,995
2564,2565,2404
995,2564,2404
2563,2564,995
898,948,2556
1857,459,647
459,898,647
1457,1974,182
1457,1579,2559
1793,910,626
626,910,2562
910,2561,2562
1974,910,1600
910,1793,1600
2272,42,7
697,2465,1305
2465,358,1305
2414,2211,522
2458,976,1982
417,976,414
1548,176,1580
176,1841,2455
1841,176,1548
214,1402,2455
1903,1402,214
1402,176,2455
1541,1571,1082
1571,498,1082
1571,1541,1806
610,1571,1806
545,988,1586
543,2290,1272
1892,2290,2360
2290,543,2360
2070,1700,1400
2070,2018,429
2070,1400,2018
1700,1709,1400
361,802,2039
1298,802,361
1791,2237,116
1185,2243,1683
917,1302,160
917,824,1683
530,768,2404
768,995,2404
768,1793,995
323,1838,739
2064,1820,1289
2178,2064,1289
1820,2064,829
1838,2064,2178
696,323,739
1891,696,739
1704,1405,1891
714,498,363
457,714,363
2276,1649,2485
487,2276,2485
2276,2401,1649
487,1747,1229
1747,487,2586
1229,1747,2587
1747,2586,2587
2058,662,2250
2165,2199,1499
1734,236,1978
1312,236,1268
236,1734,1268
981,1396,2165
2199,1396,1368
1396,2199,2165
970,1396,981
439,2067,1195
521,439,2130
521,1532,2196
1532,521,2130
150,1553,1682
554,1368,2301
1553,554,2301
777,2067,1842
150,804,1842
2473,1955,2222
1955,2473,1149
2619,1376,2618
2626,249,2625
249,578,2089
1814,1261,2630
1261,2060,2628
2060,1261,1814
249,2060,354
1739,2166,2624
1392,2291,1904
2291,1392,2089
1532,471,2196
629,2134,524
2134,604,524
1527,779,1232
1527,1752,2106
779,1527,260
1527,2106,260
2106,387,260
1930,1156,1618
1156,44,1618
1156,1930,1519
779,462,1519
462,779,260
2257,834,1651
2375,834,2257
2606,1718,2605
1914,1638,1482
2239,2072,1847
225,2121,2430
2006,225,2430
225,2028,2121
225,2006,500
2028,225,500
198,2028,500
244,198,500
2028,2520,2121
2520,2521,2121
2521,838,2121
351,1977,1654
1977,2247,1654
90,407,635
1409,909,2343
351,161,635
161,90,635
90,161,909
2533,2534,178
2432,2533,178
1513,397,1840
397,1513,1854
1901,1136,2523
2524,1901,2523
1901,1854,2430
2121,1901,2430
1136,1901,2121
909,1780,2343
1854,1163,2430
1513,1163,1854
2514,2515,563
2514,105,2513
105,2514,563
563,2516,1758
2515,2516,563
747,1142,631
2503,2504,1581
2095,1921,2433
1455,1921,2095
986,1977,744
1977,986,2247
1377,291,1455
986,291,2247
291,986,1474
2129,2393,482
1162,2129,482
1546,1491,1627
1491,922,1627
1534,1717,1485
1530,2095,2433
1530,579,2095
2286,550,1920
550,579,1920
808,1540,1574
1412,808,1574
1895,2415,2492
1563,1787,1497
1629,1787,1967
2315,1540,1702
964,2315,1702
2315,1777,1540
2080,964,1702
1787,246,1497
246,1787,1629
246,2080,1497
2080,246,964
881,786,1388
881,924,717
2254,264,2216
2254,1296,264
1296,2254,1039
1887,965,1540
965,1887,785
808,1887,1540
1887,808,1412
734,965,1039
16,734,1039
881,1064,924
1599,1064,1412
736,1321,798
1321,736,717
248,1420,403
248,403,798
1321,248,798
248,1760,2308
1420,248,2308
1760,248,500
1737,244,500
244,1737,2013
248,1737,500
1737,248,1321
924,728,717
728,1321,717
728,1737,1321
1737,728,2013
2083,1133,1271
23,1660,631
23,2066,1660
907,1271,1961
1432,907,1961
2066,907,1432
1642,173,913
173,1642,1973
2391,1973,1581
1657,1265,1076
1265,1085,1116
1265,1657,630
993,1265,630
1085,1265,993
105,706,2512
706,105,1800
298,706,1800
706,298,1116
298,1265,1116
2069,41,2004
41,2069,668
1133,41,668
2083,41,1133
38,285,1953
38,1953,1151
1630,56,1076
1630,623,2043
56,1630,2043
1630,854,623
623,1048,2043
2322,1048,623
1048,2322,1788
1048,998,2043
1048,1788,998
2069,1373,2011
2322,1373,2069
1373,2322,715
2011,1373,1358
1373,96,1358
1302,1470,160
2212,1470,1302
77,1907,690
1907,77,2299
1907,2496,690
2496,1907,2299
251,1422,362
1220,1422,251
624,938,1781
724,2551,412
2551,724,2550
125,1892,2360
2547,125,2360
2548,125,2547
1607,2379,1035
1607,1035,2039
802,1607,2039
953,2379,287
2379,953,1035
1035,953,361
1059,543,1272
1908,1059,1272
1059,1908,2545
2546,1059,2545
1059,2546,2360
543,1059,2360
341,1908,1272
2542,1711,2413
2271,398,782
11,2271,782
1658,2271,11
398,2271,2171
2271,1658,2171
940,11,690
940,1658,11
2496,940,690
1658,940,1037
940,2496,89
1037,940,89
2539,2540,423
76,2107,2171
2177,2107,590
2107,398,2171
2107,2177,398
2535,1828,178
398,33,205
2177,33,398
2540,745,423
745,2541,2413
745,2540,2541
2132,2177,590
1576,2132,590
2132,1576,423
745,2132,423
407,1701,1748
1701,2432,178
1701,164,2432
164,1701,1751
1701,90,1751
90,1701,407
1192,1168,1095
1168,1192,1730
1475,1241,1577
570,1821,1095
1168,570,1095
570,1168,676
358,2354,1305
2354,358,1821
1062,1444,1436
1444,1062,284
1266,894,1749
770,1815,2700
1203,770,2700
353,224,2398
353,1386,224
1730,1012,2398
1012,353,2398
1815,1966,1036
1966,1012,1036
1012,1966,254
254,1966,1749
2251,1162,437
175,2251,2361
2406,933,116
933,1791,116
686,2406,116
2237,686,116
1487,645,832
645,1487,2328
1386,135,832
1690,561,2393
2044,561,1970
1970,561,2201
561,1690,2201
247,2215,2201
460,1902,109
2414,460,109
460,697,1305
1902,460,1305
1565,36,2464
304,1565,2464
2328,1565,1395
36,1565,2328
2475,2328,1792
2475,645,2328
645,2475,224
224,2475,2398
2398,2475,684
2475,1792,684
1917,1725,984
1037,2259,707
337,2259,1017
2259,337,707
2059,163,1675
1602,1286,650
667,632,2065
301,1929,1043
1043,2182,2191
1929,2182,1043
609,2110,1768
609,1768,2154
2045,1603,1768
2110,2045,1768
1603,2045,927
2045,2110,927
1783,1310,583
1310,394,807
557,1310,807
1310,557,583
1850,1131,523
145,394,2154
394,145,807
145,1942,807
1942,145,1954
2158,528,204
528,722,1958
464,1786,2330
180,1238,2330
2298,464,2330
1238,2298,2330
13,1964,1114
2671,485,1114
485,13,1114
2390,1328,2675
418,670,987
1093,418,987
1235,418,1093
1089,1235,1552
53,1089,1552
1089,53,57
1089,2450,1235
418,2450,1193
2450,418,1235
1020,2152,987
2152,48,1093
48,825,1093
2676,2390,2675
670,189,987
189,1020,987
1020,189,2390
189,1328,2390
121,1401,541
340,121,541
1073,730,864
730,1073,827
26,1061,49
1665,797,1264
1061,415,49
415,1061,1888
216,2041,1176
2240,2074,1773
1715,748,2105
1466,1026,114
1026,1846,114
1846,1026,193
2661,1643,762
71,2460,1288
183,1406,2160
1033,183,2160
849,377,888
377,849,136
377,183,888
183,377,1406
359,40,1687
359,1407,40
359,81,1407
2376,1986,40
1050,1080,295
1595,1050,851
1050,1595,1080
50,726,504
1833,2373,2047
8,1475,1894
1475,8,1241
558,8,1894
1734,357,1268
357,1734,1251
989,613,820
989,2373,1833
211,1251,1978
989,211,613
1802,1833,1562
1148,1241,1995
1148,1411,1241
454,937,1577
2378,1942,1954
742,1636,94
1636,2133,94
2133,1636,1759
110,1905,64
1768,110,64
1603,110,1768
958,1603,1756
796,958,1756
873,81,1801
81,873,1407
1789,2112,432
303,1288,474
2405,303,474
303,2405,1801
1693,2463,1801
2437,2463,1693
2463,303,1801
2463,2437,1288
303,2463,1288
2652,799,419
799,2653,1399
799,2652,2653
378,2642,2643
1418,639,2640
1391,338,102
80,1391,102
1391,80,2242
1138,80,102
634,1250,2303
634,849,1250
849,634,136
634,1504,136
1685,132,2034
132,901,2650
611,132,2650
132,611,2034
999,409,102
409,1138,102
2648,1685,2242
867,1033,1716
947,1255,1084
1201,1250,888
1201,2480,1250
867,169,1033
2351,951,1250
2480,2351,1250
2638,1537,2637
1537,2638,575
2638,2639,575
1537,1669,2637
1669,2636,2637
2636,1669,892
1669,1537,695
272,760,816
1179,1940,789
951,1573,2303
1989,1573,951
2278,1794,1750
1794,2278,276
484,1505,582
1505,484,1752
582,1505,1232
1505,1527,1232
1527,1505,1752
1406,1644,2160
1794,1644,1750
2436,1644,2331
1644,1406,2331
1614,2436,1608
1614,1644,2436
806,2248,466
2248,53,466
53,2248,57
2248,790,57
1073,729,2451
1624,1009,941
2486,98,1811
1092,290,10
256,1092,10
1092,256,2056
1670,290,1587
300,1516,1271
300,1133,2377
1133,300,1271
1415,1882,1432
517,1415,1432
1275,14,1433
1275,761,1126
2197,1275,1433
761,1275,2197
2397,1275,1126
1275,2397,14
1433,393,2489
1976,2337,1539
784,1976,1539
1976,674,2582
2197,1976,784
674,1976,2197
2585,2586,2485
2584,2585,2485
2180,1732,1539
58,2180,1539
1968,2337,2485
1968,58,2337
1649,1968,2485
1732,991,784
991,761,784
761,809,1126
809,991,2014
991,809,761
2601,2469,2600
2469,2601,2169
1718,1124,2605
658,25,2596
25,658,1109
576,2086,2426
2086,2469,2426
658,2086,1109
2258,1979,780
973,0,610
1650,973,610
0,973,1766
973,1650,1766
767,55,1509
495,55,664
55,767,664
2574,1442,70
2573,2574,70
1442,2574,2575
1405,473,2228
473,1211,2228
473,1704,1945
1704,473,1405
1541,1111,1510
1105,1111,1541
1111,1105,1434
1211,1111,1434
2566,530,2565
2479,1361,1362
1367,1361,1600
1362,1361,1367
516,2018,74
948,2555,2556
2379,2081,577
880,287,577
2081,880,577
880,2081,948
459,880,898
880,459,287
360,459,1857
287,360,74
459,360,287
1575,182,1336
1575,1457,182
307,1575,647
1867,1457,2559
2560,1867,2559
1457,461,1974
461,2560,2561
1867,461,1457
461,1867,2560
461,910,1974
910,461,2561
2558,1913,2557
1579,1913,2559
1913,2558,2559
898,612,647
612,307,647
310,1100,1672
2007,511,1672
1100,2007,1672
2007,1100,279
857,2007,1404
1782,1855,1538
1855,1782,2323
165,310,2458
165,1100,310
1824,2458,1982
1812,1824,1982
1824,165,2458
165,1824,1866
1824,1812,106
1812,2001,106
2076,1413,2349
551,1862,109
1862,2414,109
2414,1862,2211
919,551,109
1902,919,109
9,919,1902
982,919,9
1637,2465,2261
2465,1637,358
358,1637,1975
2465,158,2261
158,2465,697
1439,158,697
2147,181,794
181,2147,522
1536,417,1529
976,1536,1982
1536,976,417
310,2447,2458
1782,234,2323
1171,1548,1580
1171,562,1548
562,876,1548
176,1140,1580
1402,1140,176
1140,1402,1903
1916,399,1674
2139,42,2272
1916,2139,2272
1916,2187,1259
2187,1916,1674
2187,610,1259
2187,1057,610
191,1571,610
1057,191,610
1571,191,498
498,191,363
510,2290,1892
988,2118,1586
2118,361,1400
1709,2118,1400
1720,1298,1892
1298,1720,802
824,441,1683
441,1185,1683
933,2295,1791
1791,37,1677
37,1185,1677
37,2243,1185
2295,37,1791
37,2295,2243
1671,1495,1325
269,1671,671
1671,1220,671
1671,1422,1220
2170,1671,269
1671,2170,1495
1495,2140,1325
768,402,1793
402,67,1600
1793,402,1600
1838,1221,739
1221,2277,739
1221,1838,2178
1221,2178,1289
956,1221,1289
2277,1221,956
2064,434,829
434,1838,323
434,2064,1838
696,2116,323
2566,1593,530
1593,2566,2567
1704,1593,1945
1945,1593,2568
1593,2567,2568
1313,2276,487
1313,1229,2190
1313,487,1229
2276,1313,2401
767,949,664
42,949,7
477,949,42
2058,235,662
235,767,662
235,949,767
84,2058,1477
84,942,1413
84,235,2058
422,902,1390
203,902,1849
902,203,1390
436,422,1390
902,185,1849
185,902,435
883,970,981
1368,339,2301
1396,339,1368
339,1765,2301
339,1396,970
339,883,1765
883,339,970
2202,367,2196
367,521,2196
521,367,439
935,367,2202
439,1135,2067
367,1135,439
1135,367,935
1713,2199,1368
554,1713,1368
2199,1713,1499
860,1281,1195
2067,860,1195
777,860,2067
2085,935,2202
2085,2202,2196
794,2454,1682
1007,2454,1005
1376,731,2618
493,979,2157
1149,1285,929
2473,1285,1149
2621,1149,929
2621,2622,1149
1149,2623,1904
2623,1392,1904
1066,249,354
1066,578,249
1458,2291,2089
2291,1458,1387
1582,1458,354
2402,2630,2631
2402,1179,2630
1940,2402,2631
2402,1940,1179
1209,1814,2630
1179,1209,2630
1814,1209,789
1209,1179,789
2629,1261,2628
1261,2629,2630
2626,2627,249
2627,2060,249
2060,2627,2628
1217,629,524
1387,1217,524
1930,1471,1519
1471,2340,1519
272,1471,598
1640,526,28
793,1640,28
526,683,28
277,683,526
2255,277,1207
2255,853,277
1249,387,2424
1691,387,2106
2424,1691,2296
387,1691,2424
277,2382,1207
2382,277,526
1118,1429,223
1640,1429,526
1429,793,1710
1429,1640,793
2195,2239,2403
1515,1561,223
1515,1429,1710
1429,1515,223
1898,348,260
1129,1898,143
1898,1129,348
1922,1118,223
60,1922,223
2382,1922,1207
1922,2382,1118
1256,60,223
1256,1561,1523
1561,1256,223
52,1156,1519
1156,52,44
462,52,1519
52,462,44
462,1645,44
866,1645,462
348,866,260
866,462,260
375,1955,1904
2291,375,1904
375,1387,524
375,2291,1387
1955,499,1651
375,499,1955
1837,499,1618
1618,499,524
499,375,524
1834,1837,1618
1496,1955,1651
834,1496,1651
1955,1496,2222
1496,127,2222
453,2208,771
1944,453,771
1638,453,1482
855,2469,2169
1944,855,2169
576,1625,203
1625,2079,203
2078,1625,2426
1625,2078,2079
856,1914,1482
2613,2614,2157
373,2610,2611
2610,373,507
803,2072,2239
875,2518,2519
2518,875,1758
198,875,2028
875,2520,2028
5,244,1758
5,198,244
875,5,1758
5,875,198
97,1136,2121
838,97,2121
2526,219,2525
2526,1484,219
219,591,1840
196,591,219
591,1513,1840
591,1780,1513
1409,117,909
90,117,1751
117,90,909
167,351,1654
167,161,351
161,167,909
167,1780,909
1555,164,1751
117,1555,1751
164,1555,2531
164,2532,2432
2532,164,2531
2529,2530,788
1555,2530,2531
2530,1555,788
1247,1901,2524
1901,1247,1854
1247,397,1854
1247,2524,2525
1840,1247,2525
397,1247,1840
364,2518,1758
1432,1091,1660
1091,2699,2500
2501,1091,2500
1091,747,1660
747,1091,2501
1973,1290,1581
1142,1290,1973
1290,1142,747
1642,890,1973
890,1142,1973
890,1642,616
1142,890,631
890,23,631
1097,1322,1627
922,1097,1627
291,2183,2247
2183,291,1377
2247,2183,1654
2183,1377,1654
801,1921,1455
291,801,1455
1921,801,2433
2037,1194,1277
2037,177,934
177,2037,1277
1787,119,1967
119,1787,1563
34,908,1172
934,1323,2433
1323,1530,2433
177,1323,934
1323,177,1920
579,1323,1920
1530,1323,579
1233,550,2286
550,1233,1816
335,550,1816
403,335,798
335,1816,798
550,335,579
335,403,2095
579,335,2095
519,2236,1653
623,2236,715
1502,2415,1895
96,812,1358
828,2125,1835
2125,828,1546
1676,246,1629
2080,893,1497
1872,893,1702
893,2080,1702
1816,863,798
509,2254,2216
509,654,1046
654,509,2216
1872,1827,1046
1827,509,1046
509,1827,2254
1827,16,1039
2254,1827,1039
1827,1872,1702
16,1827,1702
255,16,1702
255,734,16
965,255,1702
734,255,965
785,1041,1388
1887,1041,785
1919,881,1388
1919,1064,881
1041,1919,1388
1919,1041,1887
1919,1887,1412
1064,1919,1412
1133,1508,2377
1508,1133,668
1486,616,2004
1486,2083,616
41,1486,2004
1486,41,2083
1191,2083,1271
907,1191,1271
1191,907,2066
2083,1191,616
56,411,1076
173,411,913
411,998,913
411,56,998
333,2504,2505
1462,411,173
1462,173,1973
2391,1462,1973
1462,1657,1076
411,1462,1076
2508,766,2507
1657,766,630
1265,2038,1076
1949,2511,2512
2511,1949,2252
706,1949,2512
1949,706,2252
2510,2511,2252
2510,2267,2509
2267,2510,2252
2021,2267,2252
2021,706,1116
706,2021,2252
1085,2021,1116
2021,1085,993
2111,1935,342
1935,2111,2128
2148,1935,2128
532,728,924
532,1935,2148
728,532,2013
1935,532,342
1284,2128,1262
1284,2148,2128
1927,298,1800
1262,1927,1800
699,1927,1262
298,1927,1265
2038,1927,699
1927,2038,1265
38,548,285
548,854,285
548,38,1653
854,548,623
2236,548,1653
548,2236,623
285,1464,1990
854,1464,285
2131,1470,1483
1470,2131,160
1503,2131,1483
379,2212,2042
379,1470,2212
1470,379,1483
1917,514,2299
514,1917,984
514,2496,2299
2496,514,89
514,984,89
1155,1911,1612
1911,1155,77
77,1155,2299
1917,1155,1612
1155,1917,2299
1911,1130,251
1130,1911,77
1130,77,690
251,1130,547
1911,278,1612
2265,441,824
1841,153,2455
153,214,2455
624,43,938
43,2265,824
624,1022,869
51,1022,1781
1022,624,1781
1022,2217,869
2551,2552,412
2552,1607,412
1607,2552,2379
2081,2552,2553
2552,2081,2379
1584,724,412
1607,1584,412
1584,1607,802
1720,1584,802
125,1584,1892
1584,1720,1892
1521,2548,2549
1300,287,1400
1300,953,287
361,1300,1400
953,1300,361
2269,545,1586
1688,2269,1586
545,2269,600
2269,11,600
11,2269,1040
2269,1688,1040
978,341,1272
978,600,782
978,782,205
545,978,1272
978,545,600
1363,978,205
978,1363,341
1908,837,2545
1164,76,2033
1828,1164,2033
131,2539,423
1576,131,423
2539,131,2538
131,1576,2538
1723,2132,745
1723,1363,205
1507,2298,1238
1192,85,1036
85,558,1894
1475,85,1894
1018,570,676
1018,676,2495
1590,175,1386
175,1590,1526
401,254,1749
894,401,1749
401,1590,1386
1590,401,894
1366,894,1266
1366,1062,1436
1366,1266,1062
284,1769,1203
1769,770,1203
1062,1769,284
1266,1769,1062
1192,428,1730
428,1012,1730
428,1192,1036
1012,428,1036
770,1122,1815
1122,1966,1815
1122,1266,1749
1966,1122,1749
123,857,2227
1299,123,2227
1450,588,1299
366,1883,410
1883,933,410
135,946,752
933,1463,410
1463,2406,1370
1463,933,2406
2030,946,135
2030,1386,2361
2030,135,1386
456,437,482
2422,2129,1835
2125,2422,1835
2422,1690,2393
2129,2422,2393
1594,2125,1546
1369,247,1263
2084,36,2328
349,1792,1395
1514,2325,1792
349,1514,1792
1514,349,945
679,407,1748
407,679,635
679,1924,635
906,351,635
1924,906,635
906,1977,351
811,1828,2033
615,811,2033
1246,679,1748
679,1246,1924
1725,895,984
984,895,89
2259,895,1017
895,1037,89
895,2259,1037
614,1917,1612
278,614,1612
1430,986,744
2104,1430,744
986,1430,1474
2100,2104,744
2104,2100,1417
1315,2059,1417
1602,1025,2275
2275,920,2065
920,667,2065
1025,920,2275
920,1025,159
258,920,159
667,920,549
920,258,549
138,258,159
138,490,640
2168,1469,2275
1210,2275,2065
1210,2168,2275
156,1850,523
415,226,774
1757,1602,2275
1602,1757,1286
694,1757,2275
1757,694,1286
2068,667,549
2068,632,667
1632,2068,549
1189,301,1933
301,1189,1929
927,1189,1933
2110,1189,927
263,1444,284
263,284,2191
2182,263,2191
263,1213,1444
79,2182,1929
1225,778,2110
1189,778,1929
778,1189,2110
2263,213,1856
778,2263,1856
2263,778,1225
609,810,2110
810,1225,2110
810,2263,1225
213,810,184
2263,810,213
1310,413,394
557,1019,583
1019,1850,583
64,710,2154
710,145,2154
145,710,1954
130,1715,2105
469,2346,331
528,1378,722
2324,1744,1517
1744,1895,2492
1517,1744,2492
1956,218,2324
1502,1228,1358
180,1342,1517
1472,1342,180
1786,1472,2330
1472,180,2330
2101,758,1269
972,2101,1269
1507,449,2298
975,1964,13
485,975,13
975,2673,2274
2499,2668,1598
2499,2667,2668
1665,2499,1598
2668,653,1598
2669,653,2668
2670,2671,1114
220,418,1193
418,220,670
220,1401,670
458,1811,1552
458,1696,1811
1235,458,1552
458,1235,1093
825,27,1093
27,825,741
27,458,1093
458,27,741
2679,2680,601
2680,48,601
659,2152,2678
659,48,2152
2679,659,2678
659,2679,601
48,659,601
1020,520,2152
520,1020,2390
2676,520,2390
1440,189,670
189,1440,1328
2450,698,1193
730,1943,864
637,1943,1327
1943,698,1327
340,253,1996
253,1592,586
1964,39,1996
39,340,1996
2124,730,827
1592,2124,827
253,2124,1592
1132,343,797
343,1132,319
923,1665,1598
653,923,1598
226,2040,774
415,480,49
480,827,49
480,1592,827
2144,1873,2105
2074,448,826
448,2074,2240
2249,538,2023
538,2249,2144
538,2144,2105
669,2240,959
1245,669,959
538,669,2023
669,1746,2023
1746,669,1245
2660,2661,762
61,2333,818
1846,1187,114
1187,1846,1015
1227,2656,2657
1778,1227,193
1227,1778,2656
288,1778,229
1846,2658,1015
2654,593,1399
1643,1003,762
1003,1466,762
1003,61,1466
2667,1115,2666
797,1745,1264
1248,2424,2296
227,1338,1306
1338,2428,966
2428,1338,227
2428,1291,966
1291,1693,1801
81,1291,1801
1240,1291,2428
817,432,2331
817,1789,432
1406,817,2331
40,2370,1687
1986,2370,40
2370,967,1687
1578,2376,1589
2112,618,1589
618,2112,1789
618,1578,1589
1578,618,2048
1065,1098,274
1098,1065,325
726,328,504
821,288,229
512,821,229
1938,1646,2113
1779,1938,2113
265,952,1301
952,1248,1301
1329,211,1978
211,1329,613
1241,2348,1995
680,989,820
989,680,2373
358,168,1821
438,1192,1095
1821,438,1095
168,438,1821
1863,558,1316
558,1863,8
1863,1316,2047
92,431,878
1316,646,1562
646,709,1562
168,646,1316
709,646,1975
646,358,1975
646,168,358
476,2334,1253
2334,476,357
709,805,1562
805,1802,1562
2133,1445,94
1445,2133,756
1623,1145,92
1623,742,94
1623,92,742
1445,1623,94
1623,1445,1145
1145,839,92
1761,92,878
92,1761,742
2318,796,1411
1148,2318,1411
1543,1148,1995
2348,1543,1995
2133,1543,756
1543,2348,756
2071,958,796
2071,1543,2133
2300,1043,2191
937,2300,1117
1203,2300,2191
2300,1203,2700
1117,2300,2700
454,1461,72
1461,1411,1756
72,1461,1756
1411,1461,1577
1461,454,1577
1609,301,1043
301,1609,1933
1609,72,1933
1609,454,72
971,2133,1759
971,30,2133
971,1759,149
2378,791,1942
2161,1636,742
1761,2161,742
2161,1761,2232
958,1988,1603
103,1393,2405
2405,1393,1801
1799,103,432
2112,1799,432
1799,1393,103
2641,1418,2640
1557,2641,2642
2641,1557,1418
1418,1557,639
1045,2238,954
2238,1456,954
641,1779,2113
997,1391,1695
997,1045,954
1456,963,954
963,338,954
338,963,102
1789,19,1146
1504,19,1789
93,1504,634
409,2644,1138
2643,2644,1776
2644,409,1776
2649,132,1685
2648,2649,1685
132,2649,901
901,2649,2650
1252,1255,947
1252,169,867
1252,947,2032
169,1252,2032
183,2407,888
2407,1201,888
231,169,2032
1201,2477,2480
2477,231,2480
231,2477,169
2407,2477,1201
169,2477,1033
2477,183,1033
2477,2407,183
1669,2225,892
2225,1669,695
2060,2218,354
2218,2060,1814
1360,1217,1582
1360,272,598
1360,760,272
1255,1858,1084
1858,2051,1084
1940,316,789
2632,1940,2631
450,2278,1750
740,2278,484
740,582,1558
740,484,582
276,740,1558
2278,740,276
484,1473,1752
1644,776,2160
776,1644,1794
2160,776,1716
776,1794,1716
648,1614,533
1614,648,1644
2219,648,533
1644,648,1750
648,450,1750
648,2219,450
790,1753,57
698,1753,1327
1753,698,2450
1753,1089,57
1753,2450,1089
2090,637,1327
1753,2090,1327
2090,1753,790
729,222,2451
222,729,806
729,1029,806
1029,2248,806
1029,729,1073
2090,1029,637
2248,1029,790
1029,2090,790
1010,806,466
2209,1010,466
1010,222,806
222,1010,2451
1492,2482,446
2486,2120,98
98,1886,1811
53,1886,466
1886,53,1811
2358,1624,941
1287,2358,941
2358,1287,2231
1624,2358,1772
2486,237,2231
2358,237,1772
237,2358,2231
237,1696,1772
1696,237,1811
237,2486,1811
1853,750,1950
1287,1853,1950
1009,2321,941
1397,1335,1587
1624,655,1009
655,1333,10
1009,655,10
655,1771,904
1771,1231,904
1696,1231,1772
1727,655,904
655,1727,1333
2694,2695,2174
553,2694,2174
2694,553,2693
1415,553,2174
517,553,1415
2697,2698,1882
539,517,1432
517,539,1397
2577,1951,2314
322,1433,2481
322,393,1433
322,1724,393
1724,322,2481
1976,2244,2337
765,809,2014
765,2397,1126
809,765,1126
2601,2602,2169
1885,1944,2169
1885,1124,1944
1124,2604,2605
1885,2604,1124
2595,25,1109
25,2595,2596
1868,658,2598
1868,2086,658
2599,1868,2598
1086,1868,2599
2469,1868,1086
2086,1868,2469
1349,780,2588
2589,1349,2588
1906,2591,2592
1182,1906,2592
2258,152,2590
152,2258,780
2344,1182,1985
2344,1906,1182
2591,137,2590
137,2258,2590
137,2344,2258
2593,1182,2592
573,841,1087
841,573,1109
1626,1650,1806
420,1626,1806
14,2369,2481
2397,2369,14
206,1197,261
1374,767,1509
767,1374,662
1374,1197,662
991,845,2014
473,2569,2570
1184,473,2570
473,1184,1211
2571,1184,2570
1184,2571,1211
2493,1111,1211
2493,1881,1510
1111,2493,1510
2573,2493,2572
2493,2571,2572
2571,2493,1211
2493,2573,70
1881,2493,70
182,396,1336
1000,516,2479
51,1000,1362
1000,2479,1362
2018,769,1781
516,769,2018
769,51,1781
769,1000,51
1000,769,516
1344,2555,948
2081,1344,948
1344,2081,2553
1605,948,898
880,1605,898
1605,880,948
2363,307,1579
2363,1575,307
1457,2363,1579
1575,2363,1457
1075,898,2556
1075,612,898
2557,1075,2556
612,1075,307
307,1075,1579
1913,1075,2557
1075,1913,1579
1307,495,664
1307,477,495
949,1307,664
1307,949,477
2354,603,1305
585,9,1902
585,603,725
585,1902,1305
603,585,1305
551,1006,106
1006,165,1866
165,1006,1100
1824,1006,1866
1006,1824,106
1016,304,1404
2001,1533,106
2412,1862,551
1862,2412,166
2412,2374,2349
919,513,551
513,1006,551
1100,513,279
1006,513,1100
365,981,1312
365,732,1439
2367,158,1439
460,2149,697
2149,460,2414
240,2001,1812
240,1812,1982
1536,240,1982
2447,440,605
440,2447,310
440,511,605
440,310,1672
511,440,1672
1416,976,2458
2352,1416,2458
976,1416,414
1416,1782,1538
1416,2352,1782
506,1416,1538
1416,506,414
2352,980,1782
980,234,1782
2447,980,2458
980,2352,2458
980,2447,605
234,980,605
2000,1998,2323
1998,1855,2323
1998,555,1171
555,1998,2000
1185,2151,1677
2151,441,2411
441,2151,1185
876,2009,1548
2009,1841,1548
2009,2151,2411
2009,153,1841
489,2139,1916
2139,489,68
489,1916,1259
0,489,1259
68,489,0
191,1560,363
1596,1140,1903
417,1364,1529
1364,399,1529
399,1364,1674
1569,545,1272
2290,1569,1272
2070,992,1700
992,280,1700
992,2070,429
160,992,429
280,992,160
1294,1503,1700
280,1294,1700
1294,2131,1503
1294,280,160
2131,1294,160
2288,1503,1483
379,2288,1483
2016,2288,2042
2288,379,2042
1503,2288,1700
1273,988,2387
1273,2118,988
2118,1273,361
1273,1298,361
510,1273,2387
1298,1273,1892
1273,510,1892
443,1556,2016
1556,2118,1709
2005,2295,1481
2295,2005,2243
1422,2055,362
1671,2055,1422
2055,1671,1325
1302,2347,269
2347,2170,269
917,2347,1302
21,366,2223
2140,21,2223
402,390,739
390,402,768
390,768,530
390,1891,739
390,1704,1891
1593,390,530
390,1593,1704
402,1965,67
1965,956,67
1965,2277,956
2277,1965,739
1965,402,739
1274,2003,829
1274,1331,2003
2368,434,323
2116,2368,323
2368,2116,457
2490,714,457
2116,2490,457
498,2490,926
714,2490,498
2302,696,1891
2302,2116,696
902,1451,435
1451,902,422
1413,2015,2349
942,2015,1413
2015,2412,2349
2412,2015,166
949,6,7
235,6,949
1204,436,1390
436,1204,1281
501,1204,1390
2409,777,1842
804,2409,1842
842,841,2150
841,842,1087
842,2150,1849
185,842,1849
842,916,1087
916,185,435
916,842,185
2086,687,1109
687,841,1109
687,2086,576
687,576,2150
841,687,2150
703,1329,1978
1329,703,1797
1027,236,1312
2165,1027,1312
1337,1027,309
1987,1337,309
1987,2306,772
642,1987,772
1726,1532,2130
1726,471,1532
683,1002,28
1002,2339,28
150,1454,1553
1454,150,1842
2058,525,1477
525,572,1477
525,2058,2250
1068,525,2250
525,1068,572
2454,2304,1682
2304,150,1682
2304,804,150
2015,619,166
619,2015,942
2075,1359,2466
380,979,493
979,380,2403
979,682,2157
2239,682,2403
682,979,2403
815,1285,2473
2620,835,929
835,2621,929
2621,835,2620
2622,1382,1149
1382,2623,1149
2623,2380,1392
1392,2380,1739
2380,2166,1739
2166,2380,2624
2380,2623,2624
578,1345,2089
1345,1458,2089
1066,1345,578
1345,1066,354
1458,1345,354
273,1217,1387
1217,273,1582
1458,273,1387
273,1458,1582
2134,1311,604
604,1311,1930
1311,1471,1930
1311,2134,629
1471,712,2340
712,1471,272
853,606,277
606,683,277
683,606,471
2119,853,2098
853,1178,2098
2255,1178,853
1249,620,642
620,1249,2424
387,596,260
1249,596,387
1224,2106,1647
1224,1691,2106
2460,1224,1647
1691,1224,2296
1224,1248,2296
1248,1224,2460
1208,2382,526
2382,1208,1118
1429,1208,526
1208,1429,1118
1515,2421,1561
2421,1515,2195
2421,2195,2403
960,2421,2403
2421,960,1561
921,1129,143
1256,921,60
2408,921,143
921,2408,60
886,642,772
2119,886,772
886,2119,2098
1178,1128,2098
1128,1178,2255
1128,886,2098
886,1128,1686
1129,2452,348
2452,866,348
1645,2452,2234
866,2452,1645
499,552,1651
552,499,1837
1834,552,1837
552,2257,1651
552,1834,2257
1620,1645,2234
1620,1834,1618
44,1620,1618
1645,1620,44
1496,1260,127
1260,1496,834
2423,1260,834
1948,834,2375
1948,2423,834
1948,2375,1523
1561,1948,1523
1260,1733,127
1733,1260,2423
1281,15,1195
1204,15,1281
501,1427,771
1427,2078,771
2078,1427,2079
2079,1427,203
203,1427,1390
1427,501,1390
1124,1972,1944
1972,453,1944
453,1972,1482
389,1638,1843
389,453,1638
453,389,2208
389,1052,2208
239,389,1843
389,239,1052
1805,576,2426
1625,1805,2426
1805,1625,576
1673,1944,771
2078,1673,771
1673,855,1944
344,2072,2024
391,344,2024
2072,344,1847
344,1999,1847
344,391,1999
416,2153,1659
2097,391,2024
2153,2097,2024
2097,2153,416
2311,416,2608
2311,2097,416
2153,259,1659
259,2153,856
416,1332,2608
1385,1332,416
1332,2607,2608
2607,1332,1385
2312,416,1659
2312,1385,416
2606,1181,1718
2607,1181,2606
1181,2607,1385
2614,2615,2157
2615,493,2157
2615,2616,493
731,1524,2618
2617,731,493
2616,2617,493
2617,1524,731
1524,2617,2618
1999,144,1847
144,2239,1847
144,2613,2157
682,144,2157
144,682,2239
2612,1999,2611
2612,144,1999
144,2612,2613
391,783,1999
1999,783,2611
783,373,2611
1615,2339,212
803,1615,212
2520,1983,2519
1983,875,2519
875,1983,2520
2522,838,2521
2440,1762,2528
1762,2440,788
2529,2440,2528
2440,2529,788
1762,1112,2528
2526,2527,1484
1112,2527,2528
1438,196,219
1438,1762,196
1484,1438,219
2527,1438,1484
1438,1112,1762
1438,2527,1112
1780,814,2343
591,814,1780
814,591,196
1377,2371,1654
2371,167,1654
2371,1377,1455
167,700,1780
716,117,1409
716,1555,117
1555,716,788
716,1762,788
1762,716,196
716,1409,2343
814,716,2343
716,814,196
199,2533,2432
2532,199,2432
199,2532,2533
364,2517,2518
2516,2517,1758
2517,364,1758
1882,2127,1432
2127,1091,1432
1091,2127,2699
2127,2698,2699
2698,2127,1882
350,1290,747
2503,350,2502
350,747,2502
350,2503,1581
1290,350,1581
195,890,616
890,195,23
23,195,2066
1191,195,616
195,1191,2066
2117,1097,264
1194,2117,264
264,1879,2216
1097,1879,264
1879,654,2216
1879,922,1861
1879,1097,922
844,2474,163
2213,738,1183
2474,1874,163
1874,2474,1322
163,1874,1675
1874,738,1675
2057,1194,2037
2057,1183,271
2057,2037,1183
1254,177,1277
1254,1194,264
1194,1254,1277
177,1254,1920
1254,1296,1920
1296,1254,264
371,34,1485
371,908,34
1717,371,1485
180,174,1238
1777,283,1574
283,1151,1574
848,38,1151
283,848,1151
848,283,1925
848,519,1653
38,848,1653
2236,1743,715
1743,1373,715
1373,1743,96
2214,1502,1358
812,2214,1358
1502,2214,2415
654,885,1046
2251,1079,1162
1079,2251,175
155,1079,581
162,2315,964
246,162,964
1676,162,246
2315,162,1777
863,190,798
190,736,798
736,190,717
546,863,1816
1233,546,1816
786,546,2286
546,1233,2286
232,333,2505
2336,766,2508
2336,2508,2509
2267,2336,2509
766,2336,630
2336,993,630
2336,2021,993
2021,2336,2267
1309,2128,1990
1309,699,2128
1309,2038,699
1353,1630,1076
2038,1353,1076
1309,1353,2038
1353,1309,1990
1353,854,1630
1464,1353,1990
1353,1464,854
532,2138,2013
2138,532,2148
532,1446,342
1446,1599,342
1446,1064,1599
1064,1446,924
1446,532,924
2226,1284,1262
1284,2226,2148
2167,293,134
1051,1911,251
1051,278,1911
1864,1051,251
2167,1051,1864
405,624,869
2217,405,869
405,2217,214
153,405,214
938,711,429
43,711,938
711,43,824
711,160,429
711,917,160
917,711,824
2217,2462,1365
1022,2462,2217
2462,1022,51
2462,1362,1365
2462,51,1362
724,1431,2549
1584,1431,724
1431,1584,125
1431,1521,2549
1431,125,2548
1521,1431,2548
1363,1157,341
1711,1157,2413
1157,745,2413
1157,1723,745
1723,1157,1363
2342,2544,1908
2544,837,1908
2543,1711,2542
65,2543,2342
2543,2544,2342
2162,1576,590
1164,2162,590
2162,1164,1828
2419,2107,76
1164,2419,76
2107,2419,590
2419,1164,590
2132,2029,2177
1723,2029,2132
2029,33,2177
33,2029,205
2029,1723,205
1507,312,1394
312,2155,1394
312,1547,1639
1547,312,1238
312,1507,1238
213,2326,1856
91,1507,1394
347,962,1036
85,347,1036
347,85,1475
347,1117,962
347,1475,1577
937,347,1577
347,937,1117
1134,85,1192
85,1134,558
438,1134,1192
1134,438,168
558,1134,1316
1134,168,1316
401,681,254
681,1012,254
1012,681,353
353,681,1386
681,401,1386
1769,599,770
599,1122,770
599,1769,1266
1122,599,1266
1371,1845,752
1829,1371,1370
1371,1829,1845
2476,238,2227
1851,686,31
903,1851,31
686,1851,2406
2372,123,605
123,2372,857
704,903,31
1450,704,31
704,1450,1299
2356,1049,665
588,2316,1299
2316,123,1299
234,2316,2323
2316,234,605
123,2316,605
2316,2000,2323
2316,2356,2000
2356,2316,588
686,1656,31
1656,1450,31
1656,588,1450
2350,2295,933
1883,2350,933
1101,1463,430
1101,2044,410
1463,1101,410
561,1101,2393
1101,561,2044
946,1679,752
1679,1371,752
1371,1679,430
1090,2030,2361
456,1090,437
2251,1090,2361
1090,2251,437
1869,247,2201
2173,840,2059
2059,840,163
840,844,163
688,1263,362
688,1369,1263
2055,688,362
2084,1770,1518
1487,1770,2328
1770,2084,2328
1770,1487,832
135,1770,832
1770,135,752
1518,1770,752
2280,906,1924
1246,2280,1924
1053,1174,1280
1977,1174,744
1174,2100,744
1174,1053,1017
468,811,615
811,468,1340
811,566,1828
1828,566,178
566,1701,178
1356,1246,1748
1701,1356,1748
566,1356,1701
1314,1725,1917
614,1314,1917
1725,1314,1258
1314,614,1258
822,2104,1417
822,1430,2104
822,2059,1675
2059,822,1417
738,822,1675
2213,822,738
1430,822,1474
822,2213,1474
2366,1725,1258
2077,1025,1602
1567,463,1501
425,188,2172
308,138,640
138,1767,258
1632,1767,1121
258,1767,549
1767,1632,549
2101,1804,2175
1804,2101,972
346,1804,2022
346,1210,2065
1804,346,2175
346,905,2175
632,346,2065
1210,727,2168
346,727,1210
727,2022,1969
727,346,2022
1870,1469,2168
156,1870,2168
1469,1997,2275
1997,694,2275
1870,1997,1469
1997,156,523
1997,1870,156
1511,1997,523
1997,1511,694
694,1511,1286
721,415,1888
721,226,415
226,721,650
721,1602,650
2077,721,1888
721,2077,1602
1206,2040,226
2253,1123,2317
2445,1123,204
1123,2445,2317
2063,346,632
346,2063,905
2063,1632,1121
2068,1741,632
1741,2068,1632
1741,2063,632
2063,1741,1632
1055,91,1394
91,1055,589
79,497,2182
497,263,2182
1147,810,609
394,1147,2154
1147,609,2154
413,2093,394
810,2093,184
2093,1147,394
1147,2093,810
2093,1459,184
1459,2093,413
1338,210,1306
481,557,807
1850,1728,1131
1728,879,1131
1096,1728,281
2381,528,2158
2381,1378,528
1378,2381,2470
2381,281,2470
2381,1096,281
1019,565,1850
1728,565,281
565,1728,1850
565,1019,557
1196,2445,204
528,1196,204
1196,528,1958
1196,1818,1715
2445,1196,1715
2420,2445,1715
216,2394,208
2394,216,1176
1378,969,722
969,1378,2346
4,2324,1517
4,1956,2324
1342,4,1517
444,1956,452
1023,1228,1502
1023,1502,1895
1744,1023,1895
1023,792,1228
1023,1744,2324
792,1023,2324
1735,1786,464
141,1735,1270
651,1567,1501
651,1270,1121
651,141,1270
1767,651,1121
651,1767,1567
2052,1472,452
1472,2052,1342
2101,404,758
1270,404,1121
449,685,2298
2298,685,464
685,404,464
404,685,758
975,1871,1964
1871,39,1964
1871,975,2274
340,1871,121
39,1871,340
1401,1871,2274
1871,1401,121
2674,1328,2274
2673,2674,2274
1328,2674,2675
1964,1936,1114
1936,1964,1239
1936,2670,1114
923,1936,1239
1936,923,653
1936,653,2669
2670,1936,2669
48,29,825
2680,29,48
29,2680,2681
2152,2677,2678
520,2677,2152
2677,520,2676
1328,486,2274
1440,486,1328
486,1401,2274
1401,486,670
486,1440,670
1943,1939,864
1939,1943,637
1939,1073,864
1939,1029,1073
1029,1939,637
698,1339,1193
1943,1339,698
1339,220,1193
2400,253,340
2400,2124,253
1937,2400,541
2400,340,541
2124,2400,730
1943,2400,1937
2400,1943,730
1132,1520,1996
1520,1132,797
1665,1520,797
923,1520,1665
1707,415,774
1707,480,415
2040,1707,774
480,1707,1592
1592,1707,2041
1707,2040,2041
2394,2416,208
216,636,2041
1592,636,586
636,1592,2041
87,448,2240
669,87,2240
87,669,748
448,87,826
87,748,1715
87,1818,826
1818,87,1715
2249,2143,2144
823,2143,1506
2143,628,1506
669,1984,748
1984,669,538
748,1984,2105
1984,538,2105
1746,672,2023
2333,1099,959
61,1099,2333
1099,1245,959
1099,1003,1245
1003,1099,61
2292,1466,114
1187,2292,114
1466,2292,762
2292,2660,762
2659,1187,1015
2658,2659,1015
2292,2659,2660
2659,2292,1187
994,1227,2657
1227,994,193
994,1846,193
2658,994,2657
994,2658,1846
1778,2136,2656
2136,1778,288
1026,1525,193
1525,1778,193
1778,1525,229
1525,512,229
139,61,818
139,1525,1026
1525,139,512
139,1026,1466
61,139,1466
286,593,288
1070,1003,1643
1070,1170,151
2662,1643,2661
1170,1994,151
1994,672,151
297,1070,1643
1070,297,1170
2664,297,2663
297,2664,1170
2499,47,2667
47,1115,2667
1745,47,1264
1115,47,2049
47,1745,2049
47,1665,1264
47,2499,1665
71,1708,2460
1708,1248,2460
1248,1708,1301
1708,71,118
265,1708,118
1708,265,1301
925,2456,227
2456,925,30
971,2456,30
1240,2456,149
2456,971,149
1291,912,966
912,1338,966
1338,912,359
2073,1504,1789
817,2073,1789
1504,2073,136
2073,377,136
377,2319,1406
2319,817,1406
2073,2319,377
2319,2073,817
2370,1946,967
1946,331,967
1946,469,331
469,1946,2088
1946,2370,1986
1038,1120,851
1120,1038,2102
618,1947,2048
1947,1789,1146
1947,618,1789
722,2487,1958
2487,1032,1958
969,2487,722
1276,1595,851
2233,122,325
2233,2074,826
2074,2233,1773
1818,2233,826
2050,1403,2002
1403,2050,1098
2365,328,726
2233,2365,1773
328,2365,325
2365,2233,325
1065,1583,325
1583,328,325
328,1583,504
504,1583,274
1583,1065,274
821,1785,726
1785,818,1773
2365,1785,1773
1785,2365,726
1421,821,512
1421,139,818
139,1421,512
1785,1421,818
1421,1785,821
753,383,1013
821,383,288
1844,821,726
1844,726,50
18,1844,50
1844,383,821
383,1844,1013
1013,1844,1695
1938,996,1646
1047,620,2424
1248,1047,2424
952,1047,1248
2348,877,2373
1863,877,8
8,877,1241
877,2348,1241
2373,877,2047
877,1863,2047
1712,1445,756
1445,1712,1145
1145,1712,820
1712,680,820
871,476,1253
2491,265,878
431,2491,878
2491,952,265
2491,1047,952
1047,2491,327
2334,2146,1253
2146,805,1253
805,2146,1802
1802,2146,1833
2146,357,1251
2146,2334,357
211,2146,1251
2146,989,1833
2146,211,989
1329,2273,613
113,431,92
839,113,92
2273,113,839
113,2491,431
265,621,878
621,1761,878
1761,621,2232
2318,1034,796
1034,2071,796
1034,2318,1148
1543,1034,1148
2071,1034,1543
454,1449,937
1449,2300,937
1609,1449,454
2300,1449,1043
1449,1609,1043
1875,925,227
1875,791,2378
1875,227,1306
791,1875,1306
30,931,2133
925,931,30
2429,931,884
931,2071,2133
2071,931,958
515,2378,1954
515,1832,2378
710,515,1954
515,710,64
1905,515,64
1832,515,1905
1636,326,1759
2161,326,1636
1759,326,149
1161,110,1603
1988,1161,1603
110,1161,1905
2389,1988,958
1154,2429,884
1154,1875,2378
1161,124,1905
124,1161,1988
124,1832,1905
2389,124,1988
873,870,1407
870,2376,1407
2376,870,1589
154,1799,873
1799,154,1393
154,873,1801
1393,154,1801
968,2238,1045
1088,18,50
997,1088,50
1088,997,1695
1844,1088,1695
1088,1844,18
338,574,954
574,997,954
574,338,1391
997,574,1391
963,2435,102
2435,963,2359
2435,999,102
2435,2359,999
1662,93,634
93,1662,1456
1662,963,1456
963,1662,2359
93,1551,1504
2238,1551,1456
1551,93,1456
968,1551,2238
1719,1551,968
2646,80,1138
2205,867,1716
2351,82,951
951,2494,1755
1755,2494,695
2494,128,695
82,2494,951
2494,82,128
2051,2122,1084
2122,2051,2281
2634,2122,2281
2122,2634,2225
1150,2122,2225
2122,1150,1084
2329,1360,1582
2329,1582,354
2218,2329,354
1360,2329,760
1217,1684,629
1360,1684,1217
1684,1360,598
1252,1568,1255
1568,1858,1255
1858,1568,816
1568,272,816
1858,1067,2051
1067,2478,2051
1067,1858,816
2025,1814,789
2025,2218,1814
316,2025,789
2025,2478,760
2051,2262,2281
2262,1940,2281
2262,316,1940
2478,627,2051
627,2262,2051
2262,627,316
2025,627,2478
627,2025,316
1731,1473,484
1473,1731,228
2278,1731,484
450,1731,2278
1731,2219,228
2219,1731,450
1473,1326,1752
1326,2460,1647
2460,1326,1288
1912,1473,228
2219,1912,228
1912,2219,533
381,2692,2693
2692,974,2691
974,2692,381
1092,974,290
290,974,1139
974,381,1139
1941,1061,26
1167,1941,26
1941,138,159
138,1941,490
1941,2209,490
1941,1167,2209
1167,1611,2209
1611,1010,2209
1611,1167,26
1611,26,2451
1010,1611,2451
746,977,59
2482,1199,446
1199,1853,446
750,1199,1698
1853,1199,750
2120,2284,98
188,2284,2172
746,936,108
936,2120,1698
1199,936,1698
936,1199,108
1348,2486,2231
1348,2120,2486
2120,1348,1698
1348,750,1698
1287,1348,2231
750,1348,1950
1348,1287,1950
1853,891,446
891,1853,1670
1853,1083,1670
1083,1853,1287
1083,1287,941
2321,1083,941
1616,1492,446
1616,1934,1492
891,1616,446
1616,2062,1934
1616,1335,1426
1622,1335,1397
1335,1622,1426
539,1622,1397
1622,539,1426
1722,655,1624
655,1722,1771
1722,1624,1772
1231,1722,1772
1722,1231,1771
1231,1545,904
1545,1727,904
1545,2683,2684
62,2686,2687
644,62,2687
256,62,644
1333,62,256
62,2305,2686
1727,2305,1333
2305,62,1333
2695,2457,2174
2457,2695,2696
553,427,2693
427,381,2693
381,427,1139
539,2332,1426
2332,1616,1426
1616,2332,2062
743,1432,1961
743,539,1432
1516,743,1961
201,743,1516
170,329,495
329,170,1766
2578,1951,2577
2578,2579,2467
1724,2181,393
1951,2181,2314
2578,2181,1951
2181,2578,2467
2181,2467,2489
393,2181,2489
536,2577,2314
2181,536,2314
536,2181,1724
536,1442,2575
1881,475,1510
944,2584,2337
2244,944,2337
207,1976,2582
207,2244,1976
1604,1648,1732
2210,1489,2488
1489,2210,261
1489,261,1137
845,691,2014
75,2602,2603
2604,75,2603
75,2604,1885
2602,75,2169
75,1885,2169
1283,206,261
2210,1283,261
2401,1173,2488
352,1173,2401
2198,352,2401
2198,1313,2190
1313,2198,2401
1222,1694,179
1424,2589,2590
152,1424,2590
1424,1349,2589
1349,1424,780
1424,152,780
1106,2344,1985
2344,1106,2258
2258,1106,1979
1106,1222,1979
1694,1106,1985
1222,1106,1694
1103,137,2591
137,1103,2344
1906,1103,2591
2344,1103,1906
2176,420,2481
2369,2176,2481
329,2200,495
2200,329,2472
268,1197,206
1197,961,261
1374,961,1197
261,961,1137
961,1374,1509
961,845,1137
845,961,1509
1648,1110,1732
1110,991,1732
1110,845,991
845,1110,1137
1110,1489,1137
1489,1110,1648
2135,473,1945
2135,2569,473
2135,1945,2568
2569,2135,2568
1897,396,182
396,1897,1361
1974,1897,182
1897,1974,1600
1361,1897,1600
311,396,1361
396,311,1336
311,1575,1336
1575,311,647
2203,516,74
2203,718,516
360,2203,74
2554,1344,2553
1344,2554,2555
2285,68,0
2285,170,68
2285,0,1766
170,2285,1766
1606,170,495
477,1606,495
170,1606,68
111,603,2354
1242,2007,279
513,1242,279
2007,1242,1404
1242,1016,1404
349,1992,945
1528,585,725
585,1528,9
1528,982,9
1918,1992,349
1992,1918,400
1998,1928,1855
1928,1998,1171
2412,2289,2374
2289,1533,2076
2374,2289,2349
2289,2076,2349
1533,1784,2076
202,476,732
365,202,732
202,1312,1268
202,365,1312
732,1962,1439
1962,2367,1439
158,2096,2261
2367,2096,158
2096,871,2261
406,1916,2272
406,399,1916
399,406,1529
406,1536,1529
1171,1923,562
555,1923,1171
1923,876,562
876,1923,1049
1049,1923,665
1923,555,665
555,584,665
584,555,2000
584,2356,665
2356,584,2000
2151,643,1677
643,2009,876
2009,643,2151
643,1791,1677
1791,643,2237
1331,625,2046
625,1560,2046
1560,625,363
625,1274,363
1274,625,1331
1479,191,1057
1479,1560,191
2187,1479,1057
1554,1331,2046
1554,1596,1903
1554,1903,2003
1331,1554,2003
510,1597,2290
1597,1569,2290
988,1597,2387
1597,510,2387
545,1597,988
1569,1597,545
537,1709,1700
2288,537,1700
537,2288,2016
537,1556,1709
1556,537,2016
1130,1214,547
1688,858,1040
858,1688,1586
2118,858,1586
1610,1601,1040
858,1610,1040
1556,1610,2118
1610,858,2118
1601,1610,690
2005,321,2243
2368,2020,434
434,2020,829
2020,1274,829
2020,2368,457
2020,457,363
1274,2020,363
1434,2443,2228
2443,1405,2228
1405,2108,1891
2108,2302,1891
2443,2108,1405
2302,1141,2116
2490,1141,926
1141,2490,2116
1141,1105,926
1105,1141,1434
1451,20,435
20,336,435
20,1694,336
1169,6,235
1169,84,1413
84,1169,235
2076,1169,1413
6,1169,2076
436,1699,422
86,1699,436
1226,2409,804
336,2099,435
2099,916,435
1694,2099,336
657,703,1978
703,657,1337
236,657,1978
1027,657,236
657,1027,1337
1959,1027,2165
1959,2165,1499
2427,1959,1499
1909,703,1337
1987,1909,1337
1909,1987,1826
703,1909,1797
2484,915,309
915,1987,309
1987,915,2306
1027,257,309
257,2484,309
1959,257,1027
257,1959,2427
1113,1439,697
2149,1113,697
332,883,981
365,332,981
332,365,1439
1113,332,1439
883,2256,1765
217,2256,883
2256,217,2147
1726,559,471
559,1726,1633
559,683,471
569,239,1843
239,569,833
569,302,833
1638,569,1843
302,569,856
569,1638,1914
856,569,1914
751,239,1932
239,751,1052
1790,751,1932
1293,803,212
803,1293,2072
302,2444,833
2444,1002,833
1002,2444,2339
2339,2444,212
1681,554,1553
1454,1681,1553
1681,1713,554
1681,1454,1713
2067,652,1842
652,1454,1842
652,2446,1454
1135,652,2067
652,1135,935
1007,1899,2454
1899,2304,2454
2304,1899,804
2075,1899,1007
1899,1226,804
619,2283,166
2017,2283,794
2283,1862,166
2211,2283,2017
1862,2283,2211
1775,2075,1007
1775,1359,2075
1775,1007,1005
433,619,942
731,447,493
447,380,493
1876,380,127
1733,1876,127
2026,2473,2222
1896,731,1376
2619,1896,1376
1285,241,929
815,241,1285
241,2620,929
241,2619,2620
241,1896,2619
1896,241,815
1471,2123,598
1311,2123,1471
2123,1311,629
1684,2123,629
2340,1808,1558
712,1808,2340
508,712,272
471,677,2196
606,677,471
677,2085,2196
2085,677,140
677,2119,140
677,606,853
2119,677,853
1909,773,1797
1047,773,620
1987,1158,1826
1158,1987,642
620,1158,642
596,2159,260
2159,1063,260
1661,2255,1207
1661,1128,2255
1063,985,260
985,1898,260
886,1319,642
921,17,1129
17,2452,1129
2452,17,2234
17,2375,2257
2375,17,1523
17,1620,2234
17,1256,1523
17,921,1256
1834,17,2257
1620,17,1834
1948,1292,2423
960,1292,1561
1292,1948,1561
1052,424,2208
424,15,2208
751,424,1052
424,1790,1633
424,751,1790
15,544,2208
2208,544,771
544,501,771
544,1204,501
544,15,1204
855,2448,2469
1673,2448,855
2469,2448,2426
2448,2078,2426
2448,1673,2078
45,2153,2024
2153,45,856
2072,45,2024
1293,45,2072
45,302,856
2609,2311,2608
2609,2610,507
2311,2609,507
1324,2311,507
2311,1324,2097
2097,1324,391
1324,783,391
1205,1124,1718
1205,1972,1124
1205,259,856
1205,856,1482
1972,1205,1482
1181,1952,1718
1952,1205,1718
1205,1952,259
259,1952,1659
1952,1181,1659
2312,445,1385
445,1181,1385
445,2312,1659
1181,445,1659
897,1615,793
1615,897,2339
897,793,28
2339,897,28
142,1615,803
793,142,1710
1615,142,793
142,1515,1710
1515,142,2195
2195,142,2239
142,803,2239
1153,97,838
2522,1153,838
97,1153,1136
1136,1153,2523
1153,2522,2523
1420,1031,2095
2371,1212,167
1212,700,167
1212,1031,700
1031,1212,2095
1212,1455,2095
1212,2371,1455
1780,421,1513
700,421,1780
421,1163,1513
1760,421,2308
2006,421,1760
421,2006,2430
1163,421,2430
2474,172,1322
172,1546,1627
1322,172,1627
172,1594,1546
172,2474,844
1315,221,2059
221,2173,2059
2173,221,134
2037,1878,1183
1878,2213,1183
1878,801,291
1878,291,1474
2213,1878,1474
801,1878,2433
1878,934,2433
1878,2037,934
1372,1874,1322
1874,1372,738
1097,1372,1322
1183,1372,271
738,1372,1183
2117,1372,1097
535,2117,1194
2057,535,1194
535,2057,271
1372,535,271
535,1372,2117
371,2036,908
693,1547,1238
174,693,1238
2214,1166,2415
2415,1166,2492
95,162,1676
95,1629,1967
95,1676,1629
1743,2434,96
2434,1743,2236
2434,2236,519
1056,2268,1703
1056,2214,812
848,455,519
455,848,1925
847,455,1925
885,1077,1046
1077,885,2438
1379,1077,2438
1077,1872,1046
922,1042,1861
1491,1042,922
1879,2399,654
2399,885,654
2399,1879,1861
1042,2399,1861
893,1044,1497
1044,893,1872
1044,1563,1497
1044,1379,1563
1077,1044,1872
1044,1077,1379
1634,1379,2438
831,1079,175
1079,831,581
831,12,581
831,175,1526
2129,1993,1835
1993,2129,1162
1079,1993,1162
155,1993,1079
1860,187,1352
2221,2313,1813
693,2313,1547
2313,693,1813
1547,2313,1639
2338,155,581
2282,2338,581
2338,35,1664
546,1127,863
1127,190,863
881,1127,786
1127,546,786
1127,881,717
190,1127,717
300,1559,1516
1559,201,1516
1559,300,2377
1934,1559,2377
1480,2391,1581
564,766,1657
766,564,2507
1462,564,1657
564,1462,2391
2506,232,2505
232,2506,2507
859,105,563
859,563,1758
244,859,1758
859,244,2013
2138,859,2013
1736,859,2138
701,405,153
2009,701,153
405,701,624
701,43,624
43,701,2265
157,1157,1711
341,157,1908
1157,157,341
2543,157,1711
157,2543,65
1216,1828,2535
1216,2162,1828
1384,91,2410
1384,2410,1269
1384,449,1507
91,1384,1507
1444,1655,2192
1213,1655,1444
187,370,1352
370,1900,1352
1900,370,719
299,1829,238
1829,299,1845
2476,299,238
299,2476,1845
1371,1810,1370
1810,1371,430
1810,1463,1370
1463,1810,430
2084,1830,36
36,1830,2227
1830,2476,2227
2476,775,1845
775,1518,752
1845,775,752
1830,775,2476
775,2084,1518
775,1830,2084
2406,781,1370
781,1851,903
781,1829,1370
1829,781,903
511,292,605
292,2372,605
2007,292,511
292,2007,857
2372,292,857
704,1641,903
1829,1641,238
1641,1829,903
238,1641,2227
1641,1299,2227
1641,704,1299
243,2356,588
1656,243,588
2295,2309,1481
2350,2309,2295
2309,21,1481
21,2309,366
2309,1883,366
2309,2350,1883
2053,456,482
2393,2053,482
1101,2053,2393
2030,1177,946
2418,1101,430
1679,2418,430
2418,2053,1101
503,2422,2125
2422,764,1690
1690,764,2201
503,764,2422
2167,896,293
896,2167,1864
896,1864,1263
1869,1125,247
247,1125,1263
1544,1125,1594
1125,896,1263
1125,1544,293
896,1125,293
2027,2055,1325
1369,1071,247
688,1071,1369
906,1030,1977
1030,1174,1977
1279,1174,1017
1174,1279,2100
895,1279,1017
1279,895,1725
2366,1279,1725
1343,468,615
468,1343,1053
1343,615,707
337,1343,707
1343,337,1017
1053,1343,1017
468,1468,1246
2280,1468,1280
1468,2280,1246
1468,1053,1280
1468,468,1053
990,566,811
990,1356,566
990,811,1340
1356,990,1246
468,990,1340
990,468,1246
2100,1215,1417
1279,1215,2100
1215,1279,2366
1215,2366,1258
1025,1334,159
2077,1334,1025
2388,1767,138
1767,2388,1567
308,2388,138
2388,308,640
463,2388,640
2388,463,1567
1804,872,2022
872,1804,972
1740,872,972
488,156,2168
727,488,2168
99,727,1969
2040,2220,2041
1206,2220,2040
2041,2220,1176
1123,567,1884
567,1123,2253
2394,567,2253
567,2394,1176
2220,567,1176
567,1206,1884
567,2220,1206
263,32,1213
497,32,263
32,1655,1213
1055,2468,79
2468,497,79
2468,1055,1394
1435,1459,1969
1459,1435,184
1435,213,184
210,889,1306
889,791,1306
1467,210,1689
1467,889,210
1942,1467,807
1467,481,807
262,2186,967
967,2186,1687
210,2186,1689
2186,262,1689
2346,1550,331
1378,1550,2346
262,1550,1689
1550,313,1689
879,1588,2158
1588,2381,2158
2381,1588,1096
1588,1728,1096
1728,1588,879
879,1494,1131
1494,879,1511
1131,1494,523
1494,1511,523
1511,1389,1286
879,1389,1511
1286,1389,650
1389,226,650
1389,1206,226
1032,2310,1958
2310,1032,1050
2310,1050,295
1818,2310,295
1196,2310,1818
2445,617,2317
2420,617,2445
617,2253,2317
1956,713,218
444,713,1956
1542,2011,1358
1228,1542,1358
1542,668,2011
792,1542,1228
1542,792,800
218,661,2324
661,792,2324
792,661,800
649,1735,464
1735,649,1270
404,649,464
649,404,1270
502,4,1342
2052,502,1342
4,502,1956
1956,502,452
502,2052,452
518,404,2101
2063,518,905
518,2063,1121
404,518,1121
905,518,2175
518,2101,2175
685,2442,758
2442,685,449
758,2442,1269
2442,1384,1269
1384,2442,449
737,2672,2673
737,975,485
737,2673,975
737,485,2671
2672,737,2671
1798,1943,1937
1798,1339,1943
1339,1798,220
1798,1937,541
1401,1798,541
220,1798,1401
2260,923,1239
2260,1520,923
1729,2394,2253
1729,2416,2394
1729,130,2105
1873,1729,2105
2416,1729,1873
2179,823,1506
823,2179,208
2179,216,208
2179,636,216
1666,1873,2144
2143,1666,2144
1666,2143,823
1666,2416,1873
2416,1666,208
1666,823,208
628,1852,1506
1852,2179,1506
636,1852,586
2179,1852,636
1852,253,586
253,1852,1996
1980,73,319
1980,628,73
1980,1852,628
2345,2249,2023
2345,2143,2249
672,1102,2023
1102,672,73
1102,2345,2023
2345,1102,2143
628,1102,73
2143,1102,628
593,2655,288
2655,2136,288
2655,593,2654
2136,2655,2656
593,267,1399
286,267,593
267,799,1399
267,286,799
799,757,419
286,757,799
757,753,419
757,383,753
757,286,288
383,757,288
1070,275,1003
275,1746,1245
1003,275,1245
275,672,1746
2662,2471,1643
2471,2662,2663
2471,297,1643
297,2471,2663
1094,1994,1170
2012,1745,797
1745,2012,2049
1094,2012,1994
306,2428,227
2456,306,227
306,1240,2428
306,2456,1240
1915,1291,81
1915,912,1291
1915,81,359
912,1915,359
1050,1295,851
1295,1038,851
1032,1295,1050
1038,874,2102
874,1278,2102
1946,874,2088
1278,874,1946
1631,469,2088
1631,2346,469
1631,969,2346
1631,2487,969
1276,1706,1595
1595,1706,1080
1706,1276,122
2233,1706,122
1706,2233,1818
1080,1706,295
1706,1818,295
1493,1938,1779
1493,129,1938
1493,2050,2002
1403,1058,2002
1058,1403,1120
1276,186,122
122,186,325
186,1276,851
186,1098,325
186,1403,1098
1120,186,851
1403,186,1120
1318,1120,2102
1278,1318,2102
1889,1578,2048
1947,1889,2048
1889,1947,1146
1889,996,1938
19,1889,1146
2348,2385,756
2385,1712,756
1712,2385,680
2385,2348,2373
680,2385,2373
476,1357,732
871,1357,476
1357,1962,732
2096,1357,871
1962,1357,2367
1357,2096,2367
871,1865,2261
1637,1865,1975
1865,1637,2261
1865,709,1975
2273,2235,613
2235,2273,839
613,2235,820
2235,1145,820
2235,839,1145
1500,2273,1329
1500,1797,327
1500,1329,1797
1500,113,2273
2491,1500,327
113,1500,2491
209,265,118
209,621,265
71,209,118
621,2031,2232
1291,2031,1693
2031,1291,1240
931,318,958
318,931,2429
318,2389,958
124,318,2429
318,124,2389
2035,1240,149
326,2035,149
2035,2031,1240
2035,326,2161
2035,2161,2232
2031,2035,2232
1875,983,925
1154,983,1875
983,1154,884
931,983,884
983,931,925
1154,673,2429
673,124,2429
124,673,1832
1832,673,2378
673,1154,2378
442,1799,2112
1799,442,873
442,870,873
633,2643,1776
633,378,2643
1190,1557,2642
1190,2008,1557
1190,633,2008
378,1190,2642
633,1190,378
409,1410,1776
1410,409,999
1971,968,1045
1098,1971,274
865,1573,1989
1573,865,2303
865,634,2303
865,1662,634
882,1551,1719
882,19,1504
1551,882,1504
2644,2645,1138
2645,2646,1138
80,2647,2242
2646,2647,80
2647,2648,2242
305,1252,867
2205,305,867
305,1568,1252
1568,305,2205
231,1807,2480
1807,2351,2480
1807,82,2351
1807,231,2032
128,2461,695
2461,2225,695
2461,1150,2225
1940,2498,2281
2498,2634,2281
2632,2498,1940
2225,2635,892
2634,2635,2225
2635,2636,892
2329,2270,760
2270,2329,2218
2270,2025,760
2025,2270,2218
2478,46,760
1067,46,2478
760,46,816
46,1067,816
2193,1326,1647
1326,2193,1752
2106,2193,1647
1752,2193,2106
1591,1326,1473
1591,1912,533
1912,1591,1473
1326,1591,1288
587,2690,2691
974,587,2691
587,974,1092
587,1092,2056
587,2056,2689
2690,587,2689
1061,1060,1888
1941,1060,1061
1060,2077,1888
1060,1334,2077
1060,1941,159
1334,1060,159
2327,977,1488
2355,425,2172
977,2355,59
2355,2327,425
2327,2355,977
977,1448,1488
746,1448,977
2,1448,2082
1448,746,2082
1152,746,108
746,1152,2082
2082,1152,1492
1152,2482,1492
1199,451,108
451,1199,2482
451,1152,108
1152,451,2482
2320,746,59
2320,936,746
936,2320,2120
1886,702,466
478,1886,98
2453,891,1670
2453,1670,1587
1335,2453,1587
1616,2453,1335
2453,1616,891
1570,1083,2321
1570,1009,290
1570,2321,1009
1670,1570,290
1083,1570,1670
1223,2682,2683
1545,1223,2683
388,2305,1727
1545,388,1727
2686,388,2685
2305,388,2686
2685,388,2684
388,1545,2684
2189,1415,2174
2457,2189,2174
2189,2457,2696
2697,2189,2696
1415,2189,1882
2189,2697,1882
529,1397,1587
1139,529,1587
427,529,1139
2062,1613,201
2332,1613,2062
2279,743,201
1613,2279,201
2279,1613,2332
2279,2332,539
743,2279,539
759,1626,420
2176,759,420
1626,759,1650
1650,759,1766
759,329,1766
2576,536,2575
536,2576,2577
536,356,1442
356,536,1724
475,356,1724
356,1881,1442
356,475,1881
1478,1724,2481
1478,475,1724
1478,420,1806
420,1478,2481
1510,1478,1806
475,1478,1510
2583,944,2244
207,2583,2244
2583,207,2582
944,2583,2584
2180,1476,1732
1476,1604,1732
1764,2180,58
1968,1764,58
1764,1476,2180
1476,1764,1604
1764,1968,1649
1604,1764,1649
2401,1011,1649
1011,1604,1649
1011,2401,2488
1489,1011,2488
1604,1011,1648
1011,1489,1648
1652,765,2014
691,1652,2014
765,1652,2397
1652,2200,2397
1628,845,1509
1628,691,845
55,1628,1509
1628,1652,691
1107,2210,2488
1173,1107,2488
1107,1173,352
2198,2206,352
1222,2206,1979
2206,1222,352
2206,2198,2190
780,2206,2190
1979,2206,780
763,1222,179
1222,763,352
1107,763,179
763,1107,352
2595,104,2594
104,2593,2594
104,2595,1109
573,104,1109
1836,2176,2369
1836,2369,2397
2200,1836,2397
268,1931,1197
662,1931,2250
1197,1931,662
2386,1361,2479
2386,311,1361
2203,2194,718
2194,360,1857
2194,2203,360
1200,2139,68
1606,1200,68
2139,1200,42
1200,477,42
1200,1606,477
725,2341,2495
2341,1018,2495
1018,2341,570
570,2341,1821
2341,2354,1821
2341,111,2354
914,513,919
914,1242,513
1242,914,1016
914,919,982
1016,914,982
1705,1528,725
1528,1705,400
1992,1705,945
1705,1992,400
1,1528,400
1918,1,400
1,1016,982
1528,1,982
1016,1,304
2229,506,1538
1428,2229,1538
2357,1928,1171
1928,2357,1024
2357,1171,1580
2357,830,1024
830,2357,1596
1140,2357,1580
1596,2357,1140
1428,112,1024
112,1928,1024
1928,112,1855
1855,112,1538
112,1428,1538
1308,6,2076
1784,1308,2076
320,1308,1784
6,1308,7
88,192,106
192,88,2412
88,2289,2412
1533,88,106
2289,88,1533
289,2412,551
289,192,2412
289,551,106
192,289,106
476,315,357
202,315,476
357,315,1268
315,202,1268
240,1460,2001
1460,406,2001
1460,240,1536
406,1460,1536
1347,1479,2187
1479,1347,1560
1554,245,1596
245,830,1596
245,1554,2046
830,245,2046
506,1072,414
1072,417,414
1072,1364,417
324,1214,443
324,2016,2042
324,443,2016
1214,324,547
2212,324,2042
547,324,671
324,2212,671
496,1556,443
496,1610,1556
1214,496,443
496,1214,1130
496,1130,690
1610,496,690
1831,2347,917
1831,321,2347
1831,917,1683
2243,1831,1683
321,1831,2243
2347,1796,2170
321,1796,2347
2170,1796,1495
1796,2140,1495
2108,392,2302
392,2108,2443
860,1175,1281
86,1175,1243
1226,1175,2409
1175,1226,1243
1175,860,777
2409,1175,777
1175,436,1281
1175,86,436
1304,1451,422
2264,86,1243
2264,1699,86
2264,1243,2362
1699,2264,2362
1159,104,573
592,915,2484
915,592,2306
314,1113,2149
314,2414,522
314,2149,2414
2147,314,522
217,314,2147
932,217,883
332,932,883
932,314,217
932,332,1113
314,932,1113
2256,723,1765
723,2256,2147
1765,723,794
723,2147,794
1991,1790,1932
1790,1991,1633
239,1991,1932
1991,239,833
652,571,2446
2085,571,935
571,652,935
1198,2075,2466
1198,1899,2075
1351,1408,1005
1408,1775,1005
433,1408,1351
1408,433,1359
1008,2283,619
433,1008,619
1008,433,1351
1008,1351,1005
2283,1008,794
1008,2454,794
2454,1008,1005
1359,930,1823
433,930,1359
930,84,1477
84,930,942
930,433,942
572,930,1477
930,572,1823
1876,1465,380
1465,960,2403
380,1465,2403
1465,1292,960
1465,1876,1733
1465,1733,2423
1292,1465,2423
194,447,731
1896,194,731
447,194,380
2026,2266,2473
2266,815,2473
2266,1896,815
852,1684,598
2123,852,598
852,2123,1684
1568,1549,272
1549,508,272
1549,1568,2205
1549,2205,1716
276,1549,1716
508,1549,276
508,385,712
1808,385,1558
385,1808,712
385,276,1558
385,508,276
773,2019,1797
2019,773,1047
1797,2019,327
2019,1047,327
773,1186,620
1186,1909,1826
1186,773,1909
2408,795,60
795,1661,1207
1922,795,1207
795,1922,60
1621,2408,1686
1621,795,2408
795,1621,1661
2408,1330,1686
1330,2408,143
1898,1330,143
985,1330,1898
2335,886,1686
2335,1319,886
1319,2335,1063
2159,1774,1063
1774,1319,1063
1774,596,1249
1774,2159,596
15,2061,1195
424,2061,15
2061,439,1195
439,2061,2130
2061,1726,2130
1726,2061,1633
2061,424,1633
45,1981,302
1981,45,1293
1981,1293,212
2444,1981,212
1981,2444,302
783,1692,373
1324,1692,783
373,1692,507
1692,1324,507
1031,376,700
376,421,700
421,376,2308
376,1420,2308
376,1031,1420
840,472,844
472,172,844
472,2173,134
472,840,2173
614,1668,1258
1668,614,278
1051,1668,278
1668,1051,2167
1668,2167,134
221,1668,134
887,34,1172
1317,119,1563
660,1317,1563
1317,660,1320
119,1317,1967
1317,1320,1967
693,527,1813
1534,527,1717
1813,527,1534
2137,693,174
1218,2137,174
527,2137,1717
2137,527,693
2137,371,1717
1572,1517,2492
1572,180,1517
470,174,180
470,1218,174
1572,470,180
2184,847,1777
455,2184,1703
2184,455,847
162,2184,1777
95,2184,162
283,355,1925
355,847,1925
355,283,1777
847,355,1777
83,887,1172
1320,83,1967
887,83,1320
836,2434,2268
836,1056,812
1056,836,2268
836,812,96
2434,836,96
638,1056,1703
2184,638,1703
638,2184,95
455,1738,519
1738,2434,519
2434,1738,2268
1564,1042,1491
831,1383,12
1383,187,12
187,1383,133
735,828,1835
1993,735,1835
597,187,1860
597,2282,581
12,597,581
187,597,12
1028,1893,1900
928,1893,2221
34,1754,1485
1754,1534,1485
887,1754,34
1754,887,1320
1754,660,148
660,1754,1320
63,2221,1813
63,928,2221
115,2221,708
115,2313,2221
115,708,1639
2313,115,1639
754,2062,201
1559,754,201
2062,754,1934
754,1559,1934
232,317,333
317,1480,1581
2504,317,1581
333,317,2504
2185,317,232
317,2185,1480
2185,232,2507
564,2185,2507
1480,2185,2391
2185,564,2391
372,2138,2148
372,1736,2138
2226,372,2148
384,372,2226
384,1262,1800
384,2226,1262
126,2009,2411
126,701,2009
701,126,2265
441,126,2411
2265,126,441
157,1425,1908
1425,157,65
1425,2342,1908
1425,65,2342
2536,1216,2535
1216,2536,2537
1216,386,2162
386,1216,2537
386,2537,2538
1576,386,2538
2162,386,1576
1585,2326,213
1585,1740,2326
1435,1585,213
607,187,133
607,370,187
607,1436,2192
607,133,1436
1851,101,2406
101,781,2406
781,101,1851
1108,243,2237
243,1108,2356
643,1108,2237
2356,1108,1049
1108,876,1049
1108,643,876
243,215,2237
215,243,1656
215,686,2237
215,1656,686
1667,1679,946
1177,1667,946
1667,2418,1679
2418,1566,2053
2053,1566,456
1566,1667,1177
1667,1566,2418
1566,1177,2030
1090,1566,2030
1566,1090,456
171,1869,2201
764,171,2201
171,503,1869
171,764,503
503,1144,1869
1144,1125,1869
1144,503,2125
568,688,2055
2027,568,2055
568,1071,688
2280,282,906
282,1030,906
282,2280,1280
1174,282,1280
1030,282,1174
505,1315,1417
1215,505,1417
505,1215,1258
505,221,1315
1668,505,1258
505,1668,221
156,2246,1850
488,2246,156
1850,2246,583
2246,1783,583
2246,488,1783
1459,556,1969
556,99,1969
99,556,1783
1341,488,727
99,1341,727
488,1341,1783
1341,99,1783
1452,1740,972
1740,1535,2326
1535,1081,2326
1452,1535,1740
1535,1452,2483
2245,32,497
32,2245,1655
2468,2245,497
2245,2468,1394
2141,1467,1942
1467,2141,889
791,2141,1942
889,2141,791
313,382,1689
382,1467,1689
382,313,281
565,382,281
382,565,557
481,382,557
1467,382,481
2186,2287,1687
2287,2186,210
1550,2241,313
281,2241,2470
313,2241,281
2241,1378,2470
2241,1550,1378
1550,2384,331
2384,1550,262
331,2384,967
2384,262,967
2163,879,2158
2163,1389,879
2163,2158,204
1123,2163,204
2163,1123,1884
1206,2163,1884
1389,2163,1206
334,1196,1958
2310,334,1958
334,2310,1196
617,1078,2253
1729,1078,130
1078,1729,2253
1078,617,2420
560,1934,2377
899,560,2377
1934,560,1492
1375,713,444
2,1375,66
713,1375,1635
1375,2,2082
2459,800,1237
2459,1542,800
1542,2459,668
2459,1508,668
1678,2260,1239
2260,1678,1520
1520,1678,1996
1678,1964,1996
1964,1678,1239
1132,345,319
345,1132,1996
1282,1070,151
1282,275,1070
672,1282,151
275,1282,672
1244,1115,2049
1115,1244,2666
2664,1001,1170
1001,1094,1170
2665,1001,2664
1001,2665,1094
343,1355,797
1355,2012,797
2012,1355,1994
1355,343,319
73,1355,319
672,1355,73
1994,1355,672
1295,1069,1038
1631,1069,2487
2487,1069,1032
1069,1295,1032
1069,1631,2088
2050,689,1779
689,1493,1779
1493,689,2050
1318,1742,1120
1742,1318,129
1742,1058,1120
1058,1742,2002
1742,1493,2002
1493,1742,129
467,1946,1986
467,1278,1946
467,1986,2376
1889,1054,1578
129,1054,1938
1054,1889,1938
1578,1054,2376
1054,467,2376
374,1889,19
882,374,19
374,882,1719
1646,374,2113
374,1719,2113
996,374,1646
1889,374,996
2383,1865,871
805,2383,1253
2383,871,1253
2383,805,709
1865,2383,709
209,330,621
2031,330,1693
330,2031,621
330,2437,1693
2437,330,1288
330,71,1288
330,209,71
1697,442,2112
442,1697,870
633,1957,2008
1957,1410,2008
1957,633,1776
1410,1957,1776
1437,1410,999
2008,1437,1557
1410,1437,2008
1354,50,274
1971,1354,274
1971,861,968
641,861,1779
861,1971,1098
861,2050,1779
2050,861,1098
1143,865,1989
865,1143,1662
1662,1143,2359
2359,1143,999
1807,1297,82
1297,2461,82
1297,1807,2032
947,1297,2032
2461,1297,1150
1297,947,1084
1150,1297,1084
82,675,128
675,2461,128
2461,675,82
2633,2498,2632
2498,2633,2634
296,1591,533
296,1608,474
1288,296,474
1591,296,1288
296,1614,1608
1614,296,533
197,463,425
2327,197,425
463,197,1501
197,651,1501
651,197,141
1877,2327,1488
1004,2355,2172
2355,1004,59
1004,2320,59
2320,1004,2120
2284,1004,2172
1004,2284,2120
1375,2091,66
2091,1375,444
2091,2,66
2091,1448,2
1380,594,490
1380,702,594
2209,1380,490
1380,2209,466
702,1380,466
490,2297,640
594,2297,490
478,2297,594
2297,188,425
2297,463,640
463,2297,425
2284,1809,98
1809,478,98
478,2092,1886
2092,478,594
2092,702,1886
702,2092,594
491,458,741
491,1223,1545
458,491,1696
491,1231,1696
491,1545,1231
2682,22,2681
1223,22,2682
252,553,517
252,529,553
252,517,1397
529,252,1397
2156,427,553
529,2156,553
2156,529,427
465,55,495
465,1628,55
2200,465,495
1652,465,2200
1628,465,1652
1926,1107,179
1107,1926,2210
1926,1283,2210
104,862,2593
862,104,1014
2593,862,1182
862,1014,1182
2439,2200,2472
2439,1836,2200
329,2439,2472
759,2439,329
2439,759,2176
1836,2439,2176
1963,1931,268
1963,1068,2250
1931,1963,2250
2145,1699,2362
1283,2307,206
2307,1419,206
1419,2307,720
1926,2307,1283
1359,2230,2466
2230,1359,1823
1188,2386,2479
516,1188,2479
718,1188,516
2386,540,311
540,1857,647
311,540,647
540,2194,1857
2194,540,718
111,2142,603
2341,2142,111
603,2142,725
2142,2341,725
1619,725,2495
1619,1705,725
1705,1619,945
1619,1514,945
2325,1619,2495
1514,1619,2325
1,1817,304
1817,1,1918
1565,1817,1395
1817,1565,304
1817,349,1395
1817,1918,349
943,1784,1533
943,320,1784
943,1533,2001
320,943,2001
819,2272,7
1308,819,7
819,406,2272
819,1308,320
406,819,2001
819,320,2001
1364,1848,1674
1072,1848,1364
1303,830,2046
2229,2188,506
2188,1072,506
2188,2229,1428
2188,1428,1024
830,2188,1024
2353,1796,321
2353,2005,1481
2353,321,2005
21,2353,1481
2353,21,2140
1796,2353,2140
580,2443,1434
1141,580,1434
580,1141,2302
1699,1522,422
1522,1304,422
2145,666,1699
666,2145,1490
2099,663,916
1159,663,2099
663,1159,573
663,573,1087
916,663,1087
2293,2099,1694
2293,1159,2099
2293,1694,1985
2119,955,140
592,955,2306
2306,955,772
955,2119,772
1423,559,1633
1991,1423,1633
1423,1002,683
559,1423,683
1002,1423,833
1423,1991,833
2441,2427,1499
1414,2441,1499
2441,257,2427
2441,1414,257
571,950,2446
1454,950,1713
2446,950,1454
1713,950,1499
950,1414,1499
1899,656,1226
1198,656,1899
1490,656,2466
656,1198,2466
1775,2207,1359
2207,1408,1359
1408,2207,1775
534,194,1896
534,2266,2026
2266,534,1896
194,534,380
534,2026,2222
127,534,2222
380,534,127
1398,1158,620
1186,1398,620
1158,1398,1826
1398,1186,1826
78,1621,1686
1621,78,1661
1128,78,1686
1661,78,1128
602,2335,1686
1330,602,1686
602,1330,985
1319,1531,642
1774,1531,1319
1531,1249,642
1531,1774,1249
172,2431,1594
472,2431,172
2431,1544,1594
1544,2431,293
293,2431,134
2431,472,134
1257,2036,371
1257,1572,2492
1166,1257,2492
1257,1166,1839
1257,1839,908
2036,1257,908
2137,2109,371
2109,2137,1218
2109,1257,371
1257,2109,1572
470,2109,1218
2109,470,1572
1119,83,1172
908,1119,1172
1839,1119,908
1056,733,2214
638,733,1056
733,1166,2214
1166,733,1839
733,1119,1839
1119,733,83
733,638,95
733,95,1967
83,733,1967
1234,455,1703
1234,1738,455
2268,1234,1703
1738,1234,2268
1267,1564,1491
1267,1491,1546
735,1267,828
885,755,2438
755,531,2438
2399,755,885
755,2399,1042
1564,755,1042
1202,1634,2438
531,1202,2438
957,2114,1663
2114,957,1379
1379,957,1563
957,660,1563
660,957,148
2294,831,1526
2294,1383,831
1590,2294,1526
2294,1590,894
1366,2294,894
369,597,1860
597,369,2282
369,1021,2282
708,1074,1639
2221,1074,708
1074,312,1639
312,1074,2155
1893,1074,2221
2392,1028,1900
1028,2392,2155
2155,2392,1394
2392,2245,1394
233,1754,928
63,233,928
1754,233,1534
233,1813,1534
233,63,1813
1381,2103,35
1381,2338,2282
1381,35,2338
2103,54,483
1021,54,2282
54,1381,2282
1381,54,2103
2425,2103,483
2103,2425,1663
2425,957,1663
1736,692,859
692,384,1800
372,692,1736
384,692,372
105,692,1800
859,692,105
91,395,2410
395,91,589
1535,395,589
395,1535,2483
1441,972,1269
2410,1441,1269
1441,1452,972
1452,1441,2483
395,1441,2410
1441,395,2483
2164,872,1740
872,2164,2022
2022,2164,1969
370,200,719
607,200,370
2245,200,1655
1655,200,2192
200,607,2192
1125,1219,1594
1144,1219,1125
1594,1219,2125
1219,1144,2125
568,368,1071
1071,368,247
368,568,2027
2215,368,2223
247,368,2215
368,2027,1325
368,2140,2223
2140,368,1325
749,1459,413
749,556,1459
1165,250,1081
1165,1535,589
1535,1165,1081
1055,1165,589
250,1165,1055
250,1890,1081
2326,1890,1856
1081,1890,2326
1890,778,1856
778,1890,1929
1890,250,1055
1890,79,1929
1890,1055,79
494,210,1338
494,2287,210
494,1338,359
494,359,1687
2287,494,1687
1078,2054,130
2054,1078,2420
130,2054,1715
2054,2420,1715
2115,2082,1492
2115,1375,2082
1375,2115,1635
69,661,218
69,1680,1237
800,69,1237
661,69,800
1680,107,1237
2459,107,1508
107,2459,1237
1508,107,2377
107,899,2377
242,1980,319
345,242,319
1980,242,1852
1852,242,1996
242,345,1996
2665,1803,1094
1803,2012,1094
2012,1803,2049
1803,1244,2049
2497,874,1038
1069,2497,1038
874,2497,2088
2497,1069,2088
1714,1318,1278
467,1714,1278
1054,1714,467
1318,1230,129
1230,1054,129
1714,1230,1318
1230,1714,1054
870,2417,1589
1697,2417,870
2417,2112,1589
2417,1697,2112
1557,843,639
1437,843,1557
639,843,1755
843,1989,1755
843,1143,1989
843,1437,999
1143,843,999
1346,1971,1045
1346,1354,1971
1354,1346,50
1346,997,50
997,1346,1045
1910,861,641
861,1910,968
1910,641,2113
1719,1910,2113
1910,1719,968
1350,197,2327
1877,1350,2327
1350,444,452
1472,1350,452
1447,2091,444
2091,1447,1448
1448,1825,1488
1825,1877,1488
1447,1825,1448
1825,1350,1877
1350,1825,444
1825,1447,444
1809,868,478
2297,868,188
868,2297,478
868,2284,188
868,1809,2284
900,491,741
491,900,1223
900,22,1223
22,900,2681
900,29,2681
825,900,741
29,900,825
2087,268,206
1419,2087,206
2087,1419,268
2307,846,720
918,2230,1823
572,918,1823
1068,918,572
1188,911,2386
911,540,2386
911,1188,718
540,911,718
1859,1303,2046
1303,1859,1347
1560,1859,2046
1347,1859,1560
1617,1303,1347
1617,1347,2187
1617,1848,1072
1617,2187,1674
1848,1617,1674
2188,1617,1072
24,392,2443
580,24,2443
392,24,2302
24,580,2302
939,1522,1699
666,939,1699
1522,939,1304
1304,939,1451
939,666,720
939,846,1451
846,939,720
492,2293,1985
1182,492,1985
1014,492,1182
2293,492,1159
104,492,1014
1159,492,104
1414,1512,257
950,1512,1414
1512,950,571
955,1512,140
1512,955,592
257,1512,2484
1512,592,2484
1512,2085,140
1512,571,2085
656,2010,1226
1243,2010,2362
1226,2010,1243
2010,2145,2362
2145,2010,1490
2010,656,1490
2335,3,1063
602,3,2335
3,985,1063
3,602,985
828,1160,1546
1160,1267,1546
1267,1160,828
1267,2364,1564
2364,1993,155
2364,735,1993
2364,1267,735
1960,531,1664
1960,1202,531
1634,622,1379
622,2114,1379
1202,622,1634
2114,622,1202
2114,270,1663
270,2114,1202
2103,270,35
270,2103,1663
1960,270,1202
35,270,1664
270,1960,1664
1383,1822,133
2294,1822,1383
1822,2294,1366
1822,1366,1436
133,1822,1436
608,369,1860
369,608,1021
426,1028,2155
1074,426,2155
426,1893,1028
426,1074,1893
100,1900,719
100,2392,1900
1795,1754,148
1754,1795,928
1585,266,1740
266,2164,1740
266,1585,1435
266,1435,1969
2164,266,1969
2395,413,1310
2395,749,413
556,2395,1783
749,2395,556
1721,2115,1492
2115,1721,1680
560,1721,1492
1721,560,899
107,1721,899
1721,107,1680
1453,69,218
69,1453,1680
1453,2115,1680
2115,1453,1635
713,1453,218
1453,713,1635
294,2665,2666
294,1803,2665
1244,294,2666
1803,294,1244
197,813,141
1350,813,197
813,1735,141
1735,813,1786
813,1472,1786
813,1350,1472
1694,787,179
20,787,1694
787,1926,179
787,2307,1926
479,20,1451
846,479,1451
2094,666,1490
666,2094,720
918,2094,2230
2094,1490,2466
2230,2094,2466
2449,1419,720
2094,2449,720
2449,2094,918
408,2188,830
408,1617,2188
1303,408,830
1617,408,1303
2364,1763,1564
1763,755,1564
755,1763,531
531,1763,1664
1763,2338,1664
2338,1763,155
1763,2364,155
1880,100,719
100,1880,2392
200,1880,719
2392,1880,2245
1880,200,2245
1795,705,928
705,1893,928
705,2396,1893
1893,1236,1900
2396,1236,1893
1900,1236,1352
230,2126,483
2126,230,147
2126,2425,483
2425,2126,957
957,2126,148
2126,1795,148
678,54,1021
608,678,1021
230,678,608
54,678,483
678,230,483
120,2396,147
230,120,147
120,1236,2396
120,608,1860
120,230,608
120,1860,1352
1236,120,1352
1819,1310,1783
2395,1819,1783
1819,2395,1310
2204,846,2307
787,2204,2307
1180,2449,918
1963,1180,1068
1180,918,1068
1180,1963,268
1419,1180,268
2449,1180,1419
2396,1104,147
705,1104,2396
1104,705,1795
1104,2126,147
2126,1104,1795
850,2204,787
850,787,20
479,850,20
850,479,846
2204,850,846
